criterion_id,level,reference,status,scope_and_tasks,method,expected,observed,evidence,reviewer,date,commit,environment,applicability_reason
1.1.1,A,https://www.w3.org/TR/2024/REC-WCAG22-20241212/#non-text-content,NOT_TESTED,,,,,,,,,,
1.2.1,A,https://www.w3.org/TR/2024/REC-WCAG22-20241212/#audio-only-and-video-only-prerecorded,NOT_TESTED,,,,,,,,,,
1.2.2,A,https://www.w3.org/TR/2024/REC-WCAG22-20241212/#captions-prerecorded,NOT_TESTED,,,,,,,,,,
1.2.3,A,https://www.w3.org/TR/2024/REC-WCAG22-20241212/#audio-description-or-media-alternative-prerecorded,NOT_TESTED,,,,,,,,,,
1.2.4,AA,https://www.w3.org/TR/2024/REC-WCAG22-20241212/#captions-live,NOT_TESTED,,,,,,,,,,
1.2.5,AA,https://www.w3.org/TR/2024/REC-WCAG22-20241212/#audio-description-prerecorded,NOT_TESTED,,,,,,,,,,
1.3.1,A,https://www.w3.org/TR/2024/REC-WCAG22-20241212/#info-and-relationships,NOT_TESTED,,,,,,,,,,
1.3.2,A,https://www.w3.org/TR/2024/REC-WCAG22-20241212/#meaningful-sequence,NOT_TESTED,,,,,,,,,,
1.3.3,A,https://www.w3.org/TR/2024/REC-WCAG22-20241212/#sensory-characteristics,NOT_TESTED,,,,,,,,,,
1.3.4,AA,https://www.w3.org/TR/2024/REC-WCAG22-20241212/#orientation,NOT_TESTED,,,,,,,,,,
1.3.5,AA,https://www.w3.org/TR/2024/REC-WCAG22-20241212/#identify-input-purpose,NOT_TESTED,,,,,,,,,,
1.4.1,A,https://www.w3.org/TR/2024/REC-WCAG22-20241212/#use-of-color,NOT_TESTED,,,,,,,,,,
1.4.2,A,https://www.w3.org/TR/2024/REC-WCAG22-20241212/#audio-control,NOT_TESTED,,,,,,,,,,
1.4.3,AA,https://www.w3.org/TR/2024/REC-WCAG22-20241212/#contrast-minimum,NOT_TESTED,,,,,,,,,,
1.4.4,AA,https://www.w3.org/TR/2024/REC-WCAG22-20241212/#resize-text,NOT_TESTED,,,,,,,,,,
1.4.5,AA,https://www.w3.org/TR/2024/REC-WCAG22-20241212/#images-of-text,NOT_TESTED,,,,,,,,,,
1.4.10,AA,https://www.w3.org/TR/2024/REC-WCAG22-20241212/#reflow,NOT_TESTED,,,,,,,,,,
1.4.11,AA,https://www.w3.org/TR/2024/REC-WCAG22-20241212/#non-text-contrast,NOT_TESTED,,,,,,,,,,
1.4.12,AA,https://www.w3.org/TR/2024/REC-WCAG22-20241212/#text-spacing,NOT_TESTED,,,,,,,,,,
1.4.13,AA,https://www.w3.org/TR/2024/REC-WCAG22-20241212/#content-on-hover-or-focus,NOT_TESTED,,,,,,,,,,
2.1.1,A,https://www.w3.org/TR/2024/REC-WCAG22-20241212/#keyboard,NOT_TESTED,,,,,,,,,,
2.1.2,A,https://www.w3.org/TR/2024/REC-WCAG22-20241212/#no-keyboard-trap,NOT_TESTED,,,,,,,,,,
2.1.4,A,https://www.w3.org/TR/2024/REC-WCAG22-20241212/#character-key-shortcuts,NOT_TESTED,,,,,,,,,,
2.2.1,A,https://www.w3.org/TR/2024/REC-WCAG22-20241212/#timing-adjustable,NOT_TESTED,,,,,,,,,,
2.2.2,A,https://www.w3.org/TR/2024/REC-WCAG22-20241212/#pause-stop-hide,NOT_TESTED,,,,,,,,,,
2.3.1,A,https://www.w3.org/TR/2024/REC-WCAG22-20241212/#three-flashes-or-below-threshold,NOT_TESTED,,,,,,,,,,
2.4.1,A,https://www.w3.org/TR/2024/REC-WCAG22-20241212/#bypass-blocks,NOT_TESTED,,,,,,,,,,
2.4.2,A,https://www.w3.org/TR/2024/REC-WCAG22-20241212/#page-titled,NOT_TESTED,,,,,,,,,,
2.4.3,A,https://www.w3.org/TR/2024/REC-WCAG22-20241212/#focus-order,NOT_TESTED,,,,,,,,,,
2.4.4,A,https://www.w3.org/TR/2024/REC-WCAG22-20241212/#link-purpose-in-context,NOT_TESTED,,,,,,,,,,
2.4.5,AA,https://www.w3.org/TR/2024/REC-WCAG22-20241212/#multiple-ways,NOT_TESTED,,,,,,,,,,
2.4.6,AA,https://www.w3.org/TR/2024/REC-WCAG22-20241212/#headings-and-labels,NOT_TESTED,,,,,,,,,,
2.4.7,AA,https://www.w3.org/TR/2024/REC-WCAG22-20241212/#focus-visible,NOT_TESTED,,,,,,,,,,
2.4.11,AA,https://www.w3.org/TR/2024/REC-WCAG22-20241212/#focus-not-obscured-minimum,NOT_TESTED,,,,,,,,,,
2.5.1,A,https://www.w3.org/TR/2024/REC-WCAG22-20241212/#pointer-gestures,NOT_TESTED,,,,,,,,,,
2.5.2,A,https://www.w3.org/TR/2024/REC-WCAG22-20241212/#pointer-cancellation,NOT_TESTED,,,,,,,,,,
2.5.3,A,https://www.w3.org/TR/2024/REC-WCAG22-20241212/#label-in-name,NOT_TESTED,,,,,,,,,,
2.5.4,A,https://www.w3.org/TR/2024/REC-WCAG22-20241212/#motion-actuation,NOT_TESTED,,,,,,,,,,
2.5.7,AA,https://www.w3.org/TR/2024/REC-WCAG22-20241212/#dragging-movements,NOT_TESTED,,,,,,,,,,
2.5.8,AA,https://www.w3.org/TR/2024/REC-WCAG22-20241212/#target-size-minimum,NOT_TESTED,,,,,,,,,,
3.1.1,A,https://www.w3.org/TR/2024/REC-WCAG22-20241212/#language-of-page,NOT_TESTED,,,,,,,,,,
3.1.2,AA,https://www.w3.org/TR/2024/REC-WCAG22-20241212/#language-of-parts,NOT_TESTED,,,,,,,,,,
3.2.1,A,https://www.w3.org/TR/2024/REC-WCAG22-20241212/#on-focus,NOT_TESTED,,,,,,,,,,
3.2.2,A,https://www.w3.org/TR/2024/REC-WCAG22-20241212/#on-input,NOT_TESTED,,,,,,,,,,
3.2.3,AA,https://www.w3.org/TR/2024/REC-WCAG22-20241212/#consistent-navigation,NOT_TESTED,,,,,,,,,,
3.2.4,AA,https://www.w3.org/TR/2024/REC-WCAG22-20241212/#consistent-identification,NOT_TESTED,,,,,,,,,,
3.2.6,A,https://www.w3.org/TR/2024/REC-WCAG22-20241212/#consistent-help,NOT_TESTED,,,,,,,,,,
3.3.1,A,https://www.w3.org/TR/2024/REC-WCAG22-20241212/#error-identification,NOT_TESTED,,,,,,,,,,
3.3.2,A,https://www.w3.org/TR/2024/REC-WCAG22-20241212/#labels-or-instructions,NOT_TESTED,,,,,,,,,,
3.3.3,AA,https://www.w3.org/TR/2024/REC-WCAG22-20241212/#error-suggestion,NOT_TESTED,,,,,,,,,,
3.3.4,AA,https://www.w3.org/TR/2024/REC-WCAG22-20241212/#error-prevention-legal-financial-data,NOT_TESTED,,,,,,,,,,
3.3.7,A,https://www.w3.org/TR/2024/REC-WCAG22-20241212/#redundant-entry,NOT_TESTED,,,,,,,,,,
3.3.8,AA,https://www.w3.org/TR/2024/REC-WCAG22-20241212/#accessible-authentication-minimum,NOT_TESTED,,,,,,,,,,
4.1.2,A,https://www.w3.org/TR/2024/REC-WCAG22-20241212/#name-role-value,NOT_TESTED,,,,,,,,,,
4.1.3,AA,https://www.w3.org/TR/2024/REC-WCAG22-20241212/#status-messages,NOT_TESTED,,,,,,,,,,
